gs://xhack-line-bot-vcm/testxhack/uploads/unzip/doraemon.jpg, doraemon
gs://xhack-line-bot-vcm/testxhack/uploads/unzip/doraemon2.png, doraemon
gs://xhack-line-bot-vcm/testxhack/uploししししシシシシシシシシししads/unzip/doraemon3.png, doraemon
gs://xhack-line-bot-vcm/testxhack/uploads/unzip/doraemon4.png, doraemon
gs://xhack-line-bot-vcm/testxhack/uploads/unzip/doraemon5.png, doraemon
gs://xhack-line-bot-vcm/testxhack/uploads/unzip/doraemon6.png, doraemon
gs://xhack-line-bot-vcm/testxhack/uploads/unzip/doraemon7.png, doraemon
gs://xhack-line-bot-vcm/testxhack/uploads/unzip/doraemon8.png, doraemon
gs://xhack-line-bot-vcm/testxhack/uploads/unzip/doraemon9.jpeg, doraemon
gs://xhack-line-bot-vcm/testxhack/uploads/unzip/doraemon10.jpeg, doraemon
gs://xhack-line-bot-vcm/testxhack/uploads/unzip/nobita.jpg, nobita
gs://xhack-line-bot-vcm/testxhack/uploads/unzip/nobita1.jpeg, nobita
gs://xhack-line-bot-vcm/testxhack/uploads/unzip/nobita2.jpeg, nobita
gs://xhack-line-bot-vcm/testxhack/uploads/unzip/nobita3.jpeg, nobita
gs://xhack-line-bot-vcm/testxhack/uploads/unzip/nobita4.jpeg, nobita
gs://xhack-line-bot-vcm/testxhack/uploads/unzip/nobita5.jpeg, nobita
gs://xhack-line-bot-vcm/testxhack/uploads/unzip/nobita6.jpeg, nobita
gs://xhack-line-bot-vcm/testxhack/uploads/unzip/nobita7.jpeg, nobita
gs://xhack-line-bot-vcm/testxhack/uploads/unzip/nobita8.jpeg, nobita
gs://xhack-line-bot-vcm/testxhack/uploads/unzip/nobita9.jpeg, nobita
gs://xhack-line-bot-vcm/testxhack/uploads/unzip/nobita10.jpeg, nobita
gs://xhack-line-bot-vcm/testxhack/uploads/unzip/nobita11.jpeg, nobita
gs://xhack-line-bot-vcm/testxhack/uploads/unzip/shizuka.jpg, shizuka
gs://xhack-line-bot-vcm/testxhack/uploads/unzip/shizuka1.jpeg, shizuka
gs://xhack-line-bot-vcm/testxhack/uploads/unzip/shizuka2.jpeg, shizuka
gs://xhack-line-bot-vcm/testxhack/uploads/unzip/shizuka3.jpeg, shizuka
gs://xhack-line-bot-vcm/testxhack/uploads/unzip/shizuka4.jpeg, shizuka
gs://xhack-line-bot-vcm/testxhack/uploads/unzip/shizuka5.jpeg, shizuka
gs://xhack-line-bot-vcm/testxhack/uploads/unzip/shizuka6.jpeg, shizuka
gs://xhack-line-bot-vcm/testxhack/uploads/unzip/shizuka7.jpeg, shizuka
gs://xhack-line-bot-vcm/testxhack/uploads/unzip/shizuka8.jpeg, shizuka
gs://xhack-line-bot-vcm/testxhack/uploads/unzip/shizuka9.jpeg, shizuka
gs://xhack-line-bot-vcm/testxhack/uploads/unzip/shizuka10.jpeg, shizuka
gs://xhack-line-bot-vcm/testxhack/uploads/unzip/shizuka11.jpeg, shizuka
gs://xhack-line-bot-vcm/testxhack/uploads/unzip/shizuka12.jpeg, shizuka
gs://xhack-line-bot-vcm/testxhack/uploads/unzip/shizuka13.jpeg, shizuka
gs://xhack-line-bot-vcm/testxhack/uploads/unzip/shizuka14.jpeg, shizuka
gs://xhack-line-bot-vcm/testxhack/uploads/unzip/shizuka15.jpeg, shizuka
